agency.name,Basin_count,ID,Basin_Name,SubBasin_Name,No_basin,HydroRegion,DWR,Geo_Region,Basin_Prior,Prior,Basin_area (ac),Pop2010,Basin_GW_extract ,Agency_GW_extract,Basin_irri,Agency_irri,ab3030,abtoc,abmonth,sb1938,sbtoc,sbmonth,irwmp,irwmtoc,well_basin,well_agen,member,irwmporgs,waterorg
Alameda County Water District,59,2-9.01,SANTA CLARA VALLEY,NILES CONE,1,San Francisco Bay,NCRO,1,Medium,0,65800,321494,29600,,,500,1,3/22/2001,110.7,0,N/A,not submitted,1,4/8/2014,2198,206,81700,19,8
Aliso Water District,26,5-22.07,SAN JOAQUIN VALLEY,DELTA-MENDOTA,2,San Joaquin River,SCRO,2,High,1,747000,107879,511000,,,,1,1/23/1996,48.7,0,N/A,not submitted,0,N/A,379,,,0,16
Aliso Water District,6,5-22.06,SAN JOAQUIN VALLEY,MADERA,2,San Joaquin River,SCRO,2,High,1,394000,116919,566000,,,,1,1/23/1996,48.7,0,N/A,not submitted,0,N/A,264,,,0,16
Alta Irrigation District,17,5-22.08,SAN JOAQUIN VALLEY,KINGS,1,Tulare Lake,SCRO,2,High,1,976000,44700,150000,,480000,13000,1,8/14/1994,31.4,1,7/10/2008,78.3,1,7/27/2007,2335,,,15,8
Antelope Valley Water Group,37,6-44,ANTELOPE VALLEY,,1,South Lahontan,SRO,4,High,1,1010000,279300,26809,,,,0,N/A,not submitted,1,10/1/2007,69,1,10/1/2007,454,893,,12,18
Biggs-West Gridley Water District,84,5-21.59,SACRAMENTO VALLEY,EAST BUTTE,1,Sacramento River,NRO,3,Medium,0,265390,38465,180800,,,26600,1,11/15/1995,46.5,0,N/A,not submitted,1,6/1/2004,,,359,14,11
Borrego Water District,111,7-24,BORREGO VALLEY,,1,Colorado River,SRO,4,Medium,0,150000,3853,19700,2730,,4000,1,10/18/2002,129.6,0,N/A,not submitted,1,3/1/2009,49,22,2535,3,2
Brophy Water District,119,5-21.61,SACRAMENTO VALLEY,SOUTH YUBA,1,Sacramento River,NCRO,1,Medium,0,89000,45014,104700,26957,,10000,1,3/1/2005,158,1,12/28/2010,107.9,1,3/1/2014,,,,22,16
Browns Valley Irrigation District,121,5-21.60,SACRAMENTO VALLEY,NORTH YUBA,1,Sacramento River,NCRO,1,Medium,0,103151,14667,74800,4834,,23133,1,3/1/2005,158,1,12/28/2010,107.9,1,3/1/2014,,,1200,22,16
Butte County Dept of Water and Resource Conservation,84,5-21.59,SACRAMENTO VALLEY,EAST BUTTE,5,Sacramento River,NRO,3,Medium,0,265390,38465,180800,179500,,230500,0,N/A,not submitted,1,9/1/2004,32,1,12/1/2006,2717,3209,,40,8
Butte County Dept of Water and Resource Conservation,121,5-21.60,SACRAMENTO VALLEY,NORTH YUBA,5,Sacramento River,NCRO,1,Medium,0,103151,14667,74800,171000,,230500,1,9/1/2004,152,1,9/1/2004,32,1,3/1/2014,866,3209,,40,8
Butte County Dept of Water and Resource Conservation,39,5-21.58,SACRAMENTO VALLEY,WEST BUTTE,5,Sacramento River,NRO,3,High,1,181560,36152,175600,171000,,230500,1,9/1/2004,152,1,9/1/2004,32,1,12/1/2006,2717,3209,,40,8
Butte County Dept of Water and Resource Conservation,18,5-21.57,SACRAMENTO VALLEY,VINA,5,Sacramento River,NRO,3,High,1,125640,36152,150000,150000,,230500,1,9/1/2004,152,1,9/1/2004,32,1,12/1/2006,185,3209,,40,8
Butte Water District,84,5-21.59,SACRAMENTO VALLEY,EAST BUTTE,1,Sacramento River,NRO,3,Medium,0,265390,38465,180800,31330,,,1,5/13/1996,52.4,0,N/A,not submitted,1,6/1/2004,,,650,14,11
Camp Far West Irrigation District,119,5-21.61,SACRAMENTO VALLEY,SOUTH YUBA,1,Sacramento River,NCRO,1,Medium,0,89000,45014,104700,,,3500,0,N/A,not submitted,0,N/A,not submitted,1,3/1/2014,,,,22,20
Cawelo Water District,21,5-22.14,SAN JOAQUIN VALLEY,KERN COUNTY,1,Tulare Lake,SCRO,2,High,1,1945000,700323,1400300,,,34800,1,7/21/1994,30.7,1,2/1/2014,145,1,7-Jul,1128,4865,,6,5
Central California Irrigation District,26,5-22.07,SAN JOAQUIN VALLEY,DELTA-MENDOTA,1,San Joaquin River,SCRO,2,High,1,747000,107879,511000,,,143400,1,12/5/1997,71.1,0,N/A,not submitted,0,N/A,379,1088,1600,0,16
Chino Basin Municipal Water District,15,8-2.01,UPPER SANTA ANA VALLEY,CHINO,1,South Coast,SRO,4,High,1,154000,898653,169488,,25000,,0,N/A,not submitted,0,N/A,not submitted,1,3/31/2009,844,2162,,5,237
Chowchilla Water District-Red Top Resource Conservation District JPA,40,5-22.05,SAN JOAQUIN VALLEY,CHOWCHILLA,1,San Joaquin River,SCRO,2,High,1,159000,15820,255000,,,65000,1,12/3/1997,71.1,0,N/A,not submitted,1,4/15/2008,98,,304,14,8
City of Biggs,84,5-21.59,SACRAMENTO VALLEY,EAST BUTTE,1,Sacramento River,NRO,3,Medium,0,265390,38465,180800,,,,0,N/A,not submitted,0,N/A,not submitted,0,N/A,,,,0,
City of Chowchilla Domestic Water System,40,5-22.05,SAN JOAQUIN VALLEY,CHOWCHILLA,1,San Joaquin River,SCRO,2,High,1,159000,15820,255000,,,,0,N/A,not submitted,0,N/A,not submitted,1,4/15/2008,98,,3000,14,8
City of Gridley,84,5-21.59,SACRAMENTO VALLEY,EAST BUTTE,1,Sacramento River,NRO,3,Medium,0,265390,38465,180800,,,,0,N/A,not submitted,0,N/A,not submitted,0,N/A,,,,0,
City of Lincoln,24,5-21.64,SACRAMENTO VALLEY,NORTH AMERICAN,1,Sacramento River,NCRO,1,High,1,351000,94737,399000,,,1400,0,N/A,not submitted,1,11/12/2003,22.4,1,6/1/2006,,,22900,26,3
City of Red Bluff,55,5-21.54,SACRAMENTO VALLEY,ANTELOPE,1,Sacramento River,NRO,3,Medium,0,18710,6124,19100,5227,,,0,N/A,not submitted,0,N/A,not submitted,1,3/1/2014,893,,14076,9,32
City of Rio Vista,107,5-21.66,SACRAMENTO VALLEY,SOLANO,1,Sacramento River,NCRO,1,Medium,0,425000,119263,346000,2916,,,0,N/A,not submitted,0,N/A,not submitted,1,2/1/2005,,,3000,6,20
City of Vacaville,107,5-21.66,SACRAMENTO VALLEY,SOLANO,1,Sacramento River,NCRO,1,Medium,0,425000,92000,346000,6700,,,1,2/14/1995,37.4,1,2/1/2011,109,1,2/1/2005,,,,6,8
Colusa County ,57,5-21.52,SACRAMENTO VALLEY,COLUSA,2,Sacramento River,NRO,3,Medium,0,918380,48369,346000,,,400000,0,N/A,not submitted,1,9/1/2008,80,1,3/1/2014,725,223,,9,32
Colusa County ,39,5-21.58,SACRAMENTO VALLEY,WEST BUTTE,2,Sacramento River,NRO,3,High,1,181560,36152,175600,,,400000,0,N/A,not submitted,1,9/1/2008,80,1,3/1/2014,725,223,,9,32
Consolidated Irrigation District,17,5-22.08,SAN JOAQUIN VALLEY,KINGS,1,Tulare Lake,SCRO,2,High,1,977000,44700,150000,85500,480000,,1,8/5/1995,43.1,1,3/6/2009,86.2,1,10/17/2012,2335,4500,,57,17
Cordua Irrigation District,121,5-21.60,SACRAMENTO VALLEY,NORTH YUBA,1,Sacramento River,NCRO,1,Medium,0,103151,14667,74800,8262,,,1,3/1/2005,158,1,12/28/2010,107.9,1,3/1/2014,,,257,22,16
Corning Water District,61,5-21.51,SACRAMENTO VALLEY,CORNING,1,Sacramento River,NRO,3,Medium,0,205640,18852,158600,,,7338,1,11/1/1996,58,0,N/A,not submitted,1,2/1/2009,725,,586,60,32
Deer Creek and Tule River Authority,3,5-22.11,SAN JOAQUIN VALLEY,KAWEAH,2,Tulare Lake,SCRO,2,High,1,446000,271700,757800,,,230300,1,3/24/1995,38.8,1,7/1/2006,54,1,15-Nov,1004,,74305,14,7
Deer Creek and Tule River Authority,28,5-22.13,SAN JOAQUIN VALLEY,TULE,2,Tulare Lake,SCRO,2,High,1,467000,108660,660300,,,230300,1,4/24/1995,39.8,1,7/1/2006,54,1,15-Nov,577,,74305,14,7
Delano-Earlimart ID,28,5-22.13,SAN JOAQUIN VALLEY,TULE,1,Tulare Lake,SCRO,2,High,1,467000,108660,660300,,,48000,0,N/A,not submitted,1,8/1/2007,67,1,7-Jul,577,,400,6,5
Dry Creek Water Mutual Water Company,119,5-21.61,SACRAMENTO VALLEY,SOUTH YUBA,1,Sacramento River,NCRO,1,Medium,0,89000,45014,104700,7739,,,1,3/1/2005,158,1,12/28/2010,107.9,1,3/1/2014,,,,22,16
Dunnigan Water District ,57,5-21.52,SACRAMENTO VALLEY,COLUSA,1,Sacramento River,NRO,3,Medium,0,918380,48369,346000,,,10000,1,2/15/2001,109.5,1,7/1/2007,66,1,2/1/2009,725,,1000,60,45
Durham Irrigation District,39,5-21.58,SACRAMENTO VALLEY,WEST BUTTE,1,Sacramento River,NRO,3,High,1,181560,36152,175600,,,,0,N/A,not submitted,0,N/A,not submitted,1,12/1/2006,,,1300,14,11
East Bay Municipal Utility District,118,2-9.04,SANTA CLARA VALLEY,EAST BAY PLAIN,1,San Francisco Bay,NCRO,1,Medium,0,77800,881718,16850,,,,0,N/A,not submitted,1,3/26/2013,134.8,1,4/8/2014,5449,103,1400000,19,8
El Dorado Irrigation District,29,5-21.65,SACRAMENTO VALLEY,SOUTH AMERICAN,1,Sacramento River,NCRO,1,High,1,248000,718113,,,,4100,0,N/A,not submitted,0,N/A,not submitted,1,6/1/2006,,,110000,26,16
Elk Grove Water District,29,5-21.65,SACRAMENTO VALLEY,SOUTH AMERICAN,1,Sacramento River,NCRO,1,High,1,248000,718113,,5312,,,0,N/A,not submitted,0,N/A,not submitted,1,6/1/2006,,,44000,26,16
Feather Water District,85,5-21.62,SACRAMENTO VALLEY,SUTTER,1,Sacramento River,NCRO,1,Medium,0,234400,94737,175300,,,7398,0,N/A,not submitted,1,11/8/2005,46.2,1,2/1/2009,,,92,60,11
Fresno Area Regional,17,5-22.08,SAN JOAQUIN VALLEY,KINGS,2,Tulare Lake,SCRO,2,High,1,977000,44700,150000,,480000,150000,0,N/A,not submitted,1,12/1/2006,59,1,10/17/2012,2335,323,600000,17,10
Fresno Area Regional,26,5-22.07,SAN JOAQUIN VALLEY,DELTA-MENDOTA,2,San Joaquin River,SCRO,2,High,1,747000,107879,511000,,,150000,0,N/A,not submitted,1,12/1/2006,59,1,10/17/2012,379,323,600000,17,10
Fresno Slough Water District,26,5-22.07,SAN JOAQUIN VALLEY,DELTA-MENDOTA,1,San Joaquin River,SCRO,2,High,1,747000,107879,511000,,,1030,1,12/5/1997,71.1,1,7/21/2009,90.7,1,10/17/2012,379,11,,57,32
Glenn County,57,5-21.52,SACRAMENTO VALLEY,COLUSA,2,Sacramento River,NRO,3,Medium,0,918380,48369,346000,,,255000,1,2/15/2000,97.5,1,7/31/2012,127,1,3/1/2014,725,457,,9,32
Glenn County,39,5-21.58,SACRAMENTO VALLEY,WEST BUTTE,2,Sacramento River,NRO,3,High,1,181560,36152,175600,,,255000,0,N/A,not submitted,1,7/31/2012,127,1,3/1/2014,725,457,,9,32
Glenn-Colusa Irrigation District,61,5-21.51,SACRAMENTO VALLEY,CORNING,2,Sacramento River,NRO,3,Medium,0,205640,18852,158600,,,55000,1,5/18/1995,40.6,0,N/A,not submitted,1,2/1/2009,725,,1096,60,8
Glenn-Colusa Irrigation District,57,5-21.52,SACRAMENTO VALLEY,COLUSA,2,Sacramento River,NRO,3,Medium,0,918380,48369,346000,,,55000,1,5/26/1995,40.8,0,N/A,not submitted,1,2/1/2009,725,,1096,60,8
Gravelly Ford Water District,6,5-22.06,SAN JOAQUIN VALLEY,MADERA,1,San Joaquin River,SCRO,2,High,1,394000,116919,566000,,,16300,1,4/13/1998,75.4,0,N/A,not submitted,1,4/15/2008,264,,22,14,8
Hallwood Irrigation Company,121,5-21.60,SACRAMENTO VALLEY,NORTH YUBA,1,Sacramento River,NCRO,1,Medium,0,103151,14667,74800,12015,,,1,3/1/2005,158,1,12/28/2010,107.9,1,3/1/2014,,,,22,16
James Irrigation District,17,5-22.08,SAN JOAQUIN VALLEY,KINGS,1,Tulare Lake,SCRO,2,High,1,977000,44700,150000,40300,480000,22442,1,5/7/1996,52.2,1,11/1/2010,106,1,10/17/2012,2335,68,52,57,17
Kaweah-Delta Water Conservation District,3,5-22.11,SAN JOAQUIN VALLEY,KAWEAH,1,Tulare Lake,SCRO,2,High,1,446000,271700,757800,,,250000,1,8/1/1995,43,1,11/7/2006,58.2,1,14-Dec,1004,400,175000,8,16
Kern Delta Water District,21,5-22.14,SAN JOAQUIN VALLEY,KERN COUNTY,1,Tulare Lake,SCRO,2,High,1,1945000,700323,1400300,250000,,92000,1,10/15/1996,57.5,1,10/11/2013,141.3,1,11-Nov,1128,1000,500,8,3
Kern-Tulare Water District and Rag Gulch Water District,21,5-22.14,SAN JOAQUIN VALLEY,KERN COUNTY,2,Tulare Lake,SCRO,2,High,1,1945000,700323,1400300,25000,,19066,0,N/A,not submitted,1,6/20/2006,53.6,1,7-Jul,1128,,70,6,8
Kern-Tulare Water District and Rag Gulch Water District,27,5-22.12,SAN JOAQUIN VALLEY,TULARE LAKE,2,Tulare Lake,SCRO,2,High,1,524000,27285,672000,,,19066,0,N/A,not submitted,1,6/20/2006,53.6,1,7-Jul,182,,70,6,8
Kings County Water District,17,5-22.08,SAN JOAQUIN VALLEY,KINGS,2,Tulare Lake,SCRO,2,High,1,977000,44700,150000,,480000,,1,1/1/1993,12,1,5/1/2011,112,1,10/17/2012,2335,,,57,21
Kings County Water District,27,5-22.12,SAN JOAQUIN VALLEY,TULARE LAKE,2,Tulare Lake,SCRO,2,High,1,524000,27285,672000,,,,1,1/1/1993,12,1,5/1/2011,112,1,10/17/2012,182,,,57,21
Kings River Conservation District,3,5-22.11,SAN JOAQUIN VALLEY,KAWEAH,3,Tulare Lake,SCRO,2,High,1,446000,271700,757800,,,,1,8/17/1995,43.5,1,4/1/2005,39,1,10/17/2012,2352,1100,161987,17,15
Kings River Conservation District,27,5-22.12,SAN JOAQUIN VALLEY,TULARE LAKE,3,Tulare Lake,SCRO,2,High,1,524000,27285,672000,,,,1,8/17/1995,43.5,1,4/1/2005,39,1,10/17/2012,182,1100,161987,17,15
Kings River Conservation District,17,5-22.08,SAN JOAQUIN VALLEY,KINGS,3,Tulare Lake,SCRO,2,High,1,977000,44700,150000,,480000,,1,4/11/1995,39.3,1,4/1/2005,39,1,10/17/2012,2335,1100,,57,24
Kings River Water District,17,5-22.08,SAN JOAQUIN VALLEY,KINGS,1,Tulare Lake,SCRO,2,High,1,977000,44700,150000,,480000,1400,1,8/17/1995,43.5,0,N/A,not submitted,0,N/A,2335,,,0,11
Kirkwood Water District,61,5-21.51,SACRAMENTO VALLEY,CORNING,1,Sacramento River,NRO,3,Medium,0,205640,18852,158600,,,,1,11/1/1996,58,0,N/A,not submitted,1,2/1/2009,725,,,60,32
Linda County Water District,119,5-21.61,SACRAMENTO VALLEY,SOUTH YUBA,1,Sacramento River,NCRO,1,Medium,0,89000,45014,104700,,,,0,N/A,not submitted,0,N/A,not submitted,1,3/1/2014,,,3360,22,16
Los Molinos Mutual Water Company,123,5-21.56,SACRAMENTO VALLEY,LOS MOLINOS,1,Sacramento River,NRO,3,Medium,0,33170,2220,6900,,,,1,11/1/1996,58,0,N/A,not submitted,0,N/A,,,,0,32
Los Molinos Water Works,123,5-21.56,SACRAMENTO VALLEY,LOS MOLINOS,1,Sacramento River,NRO,3,Medium,0,33170,2220,6900,,,,1,11/1/1996,58,0,N/A,not submitted,0,N/A,,,,0,
Madera County,6,5-22.06,SAN JOAQUIN VALLEY,MADERA,1,San Joaquin River,SCRO,2,High,1,394000,116919,566000,,,765159,1,1/1/2002,120,0,N/A,not submitted,1,4/15/2008,264,21,7032,14,8
Madera Irrigation District,6,5-22.06,SAN JOAQUIN VALLEY,MADERA,1,San Joaquin River,SCRO,2,High,1,394000,116919,566000,,,99203,1,5/1/1999,88,0,N/A,not submitted,1,4/15/2008,264,229,700,14,8
Madera Water District,6,5-22.06,SAN JOAQUIN VALLEY,MADERA,1,San Joaquin River,SCRO,2,High,1,394000,116919,566000,,,,1,12/10/1997,71.3,0,N/A,not submitted,1,4/15/2008,264,16,35000,14,8
Maine Prairie Water District,107,5-21.66,SACRAMENTO VALLEY,SOLANO,1,Sacramento River,NCRO,1,Medium,0,425000,119263,346000,,,13405,1,1/21/1997,60.7,0,N/A,not submitted,1,2/1/2005,,,250,4,20
Maxwell Irrigation District,57,5-21.52,SACRAMENTO VALLEY,COLUSA,1,Sacramento River,NRO,3,Medium,0,918380,48369,346000,17980,,7700,0,N/A,not submitted,1,5/25/2004,28.8,1,2/1/2009,725,59,29,60,45
Merced Area Groundwater Pool Interests (MAGPI) ,23,5-22.04,SAN JOAQUIN VALLEY,MERCED,1,San Joaquin River,SCRO,2,High,1,491000,173731,,640800,,110000,1,11/4/1997,70.1,1,7/30/2008,79,1,10/8/2013,491,305,,7,14
Monterey County Water Resource Agency,12,3-4.01,SALINAS VALLEY,180/400 FOOT AQUIFER,7,Central Coast,SCRO,2,High,1,84400,,,520000,,200000,0,N/A,not submitted,1,5/22/2006,52.7,1,4/1/2013,1406,,,19,4
Monterey County Water Resource Agency,116,3-4.10,SALINAS VALLEY,CORRAL DE TIERRA AREA,7,Central Coast,SCRO,2,Medium,0,22300,,,520000,,200000,0,N/A,not submitted,1,5/22/2006,52.7,1,4/1/2013,134,,,19,4
Monterey County Water Resource Agency,1,3-4.02,SALINAS VALLEY,EAST SIDE AQUIFER,7,Central Coast,SCRO,2,High,1,57500,128646,,520000,,200000,0,N/A,not submitted,1,5/22/2006,52.7,1,4/1/2013,655,,,19,4
Monterey County Water Resource Agency,90,3-4.04,SALINAS VALLEY,FOREBAY AQUIFER,7,Central Coast,SCRO,2,Medium,0,74300,,,520000,,200000,0,N/A,not submitted,1,5/22/2006,52.7,1,4/1/2013,610,,,19,4
Monterey County Water Resource Agency,73,3-4.09,SALINAS VALLEY,LANGLEY AREA,7,Central Coast,SCRO,2,Medium,0,15400,,,520000,,200000,0,N/A,not submitted,1,5/22/2006,52.7,1,4/1/2013,337,,,19,4
Monterey County Water Resource Agency,14,3-4.06,SALINAS VALLEY,PASO ROBLES AREA,7,Central Coast,SCRO,2,High,1,597000,,,520000,,200000,0,N/A,not submitted,1,5/22/2006,52.7,1,4/1/2013,1331,,,19,4
Monterey County Water Resources Agency,108,3-4.05,SALINAS VALLEY,UPPER VALLEY AQUIFER,7,Central Coast,SCRO,2,Medium,0,98200,,,520000,,200000,0,N/A,not submitted,1,5/22/2006,52.7,1,4/1/2013,339,,,19,4
North Kern Water Storage District and Rosedale Ranch Improvement District,21,5-22.14,SAN JOAQUIN VALLEY,KERN COUNTY,1,Tulare Lake,SCRO,2,High,1,1945000,700323,1400300,93133,,60336,1,10/19/1993,21.6,0,N/A,not submitted,1,7/1/2007,1128,300,,6,5
Olivehurst Public Utility District,119,5-21.61,SACRAMENTO VALLEY,SOUTH YUBA,1,Sacramento River,NCRO,1,Medium,0,89000,45014,104700,3884,,,0,N/A,not submitted,0,N/A,not submitted,1,3/1/2014,,,12259,22,16
Orange Cove Irrigation District,17,5-22.08,SAN JOAQUIN VALLEY,KINGS,1,Tulare Lake,SCRO,2,High,1,977000,44700,150000,,480000,28000,1,12/22/1997,71.7,0,N/A,not submitted,1,10/17/2012,2335,,643,57,35
Orland-Artois Water District,57,5-21.52,SACRAMENTO VALLEY,COLUSA,1,Sacramento River,NRO,3,Medium,0,918380,48369,346000,95000,,24000,1,1/1/2002,120,0,N/A,not submitted,1,2/1/2009,725,,208,60,45
Pelger Mutual Water Company,85,5-21.62,SACRAMENTO VALLEY,SUTTER,1,Sacramento River,NCRO,1,Medium,0,234400,94737,175300,,,3000,0,N/A,not submitted,1,2/1/2012,121,1,2/1/2009,,,,60,11
Plumas Water District,119,5-21.61,SACRAMENTO VALLEY,SOUTH YUBA,1,Sacramento River,NCRO,1,Medium,0,89000,45014,104700,,,,0,N/A,not submitted,0,N/A,not submitted,1,3/1/2014,,,,22,16
Princeton-Codora-Glenn Irrigation District,57,5-21.52,SACRAMENTO VALLEY,COLUSA,1,Sacramento River,NRO,3,Medium,0,918380,48369,346000,,,10500,1,10/19/1995,45.6,0,N/A,not submitted,1,2/1/2009,725,,,60,45
Provident Water District,57,5-21.52,SACRAMENTO VALLEY,COLUSA,1,Sacramento River,NRO,3,Medium,0,918380,48369,346000,,,14439,1,10/19/1995,45.6,0,N/A,not submitted,1,2/1/2009,725,,,60,45
Ramirez Water District,121,5-21.60,SACRAMENTO VALLEY,NORTH YUBA,1,Sacramento River,NCRO,1,Medium,0,103151,14667,74800,10790,,,1,3/1/2005,158,1,12/28/2010,107.9,1,3/1/2014,,,10,22,16
Reclamation District 2068,107,5-21.66,SACRAMENTO VALLEY,SOLANO,1,Sacramento River,NCRO,1,Medium,0,425000,119263,346000,,,12835,1,1/9/1997,60.3,1,12/8/2005,47.2,1,2/1/2005,,,100,4,20
Reclamation District 108,30,5-21.67,SACRAMENTO VALLEY,YOLO,1,Sacramento River,NCRO,1,High,1,265000,194158,,,,48000,1,2/1/1995,37,1,11/1/2008,82,1,2/1/2009,,,,60,45
Reclamation District 1500,85,5-21.62,SACRAMENTO VALLEY,SUTTER,1,Sacramento River,NCRO,1,Medium,0,234400,94737,175300,,,,1,7/1/1997,66,1,2/1/2012,121,0,N/A,,,,0,11
Reclamation District 2035,30,5-21.67,SACRAMENTO VALLEY,YOLO,1,Sacramento River,NCRO,1,High,1,265000,194158,10800,,,17600,1,4/25/1995,39.8,0,N/A,not submitted,1,7-Apr,,34,,9,45
Reclamation District 2068,30,5-21.67,SACRAMENTO VALLEY,YOLO,1,Sacramento River,NCRO,1,High,1,265000,194158,,,,13000,1,1/9/1997,60.3,1,12/8/2005,47.2,1,2/1/2005,,,100,4,20
Reclamation District 784,119,5-21.61,SACRAMENTO VALLEY,SOUTH YUBA,1,Sacramento River,NCRO,1,Medium,0,89000,45014,104700,8424,,,0,N/A,not submitted,0,N/A,not submitted,1,3/1/2014,,,10522,22,16
Reclamation District No. 108/Knights Landing Ridge Drainage District,57,5-21.52,SACRAMENTO VALLEY,COLUSA,1,Sacramento River,NRO,3,Medium,0,918380,48369,346000,,,48000,1,2/6/1995,37.2,1,11/14/2008,82.4,1,2/1/2009,725,,,60,45
Reclamation District No. 787,57,5-21.52,SACRAMENTO VALLEY,COLUSA,1,Sacramento River,NRO,3,Medium,0,918380,48369,346000,,,8950,1,2/25/1997,61.8,1,11/16/2005,46.5,1,2/1/2009,725,,50,60,45
Redding Area Water Council,89,5-6.03,REDDING AREA,ANDERSON,6,Sacramento River,NRO,3,Medium,0,98500,52937,23000,55000,,,1,11/1/1998,82,1,5/1/2007,64,1,4/14/2014,104,2287,,9,14
Redding Area Water Council,101,5-6.01,REDDING AREA,BOWMAN,6,Sacramento River,NRO,3,Medium,0,85330,7165,359,55000,,,1,11/1/1998,82,1,5/1/2007,64,1,4/14/2014,831,,,9,14
Redding Area Water Council,93,5-6.04,REDDING AREA,ENTERPRISE,6,Sacramento River,NRO,3,Medium,0,60900,68627,8576,55000,,,1,1/27/1998,72.9,1,5/1/2007,64,1,4/14/2014,2035,,,9,14
Richfield Water District,61,5-21.51,SACRAMENTO VALLEY,CORNING,1,Sacramento River,NRO,3,Medium,0,205640,18852,158600,,,,1,11/1/1996,58,0,N/A,not submitted,0,N/A,725,,,0,32
Richvale Irrigation District,84,5-21.59,SACRAMENTO VALLEY,EAST BUTTE,1,Sacramento River,NRO,3,Medium,0,265390,38465,180800,,,26800,1,12/20/1995,47.6,0,N/A,not submitted,1,2/1/2009,,,,60,8
Riverdale Irrigation District,17,5-22.08,SAN JOAQUIN VALLEY,KINGS,1,Tulare Lake,SCRO,2,High,1,977000,44700,150000,1500,480000,15143,1,12/6/1995,47.2,0,N/A,not submitted,1,7/27/2007,2335,0,0,57,32
Root Creek Water District,6,5-22.06,SAN JOAQUIN VALLEY,MADERA,1,San Joaquin River,SCRO,2,High,1,394000,116919,566000,,,,1,10/13/1997,69.4,1,1/1/2012,120,1,4/14/2008,264,81,6500,14,8
Sacramento Central Groundwater Authority,24,5-21.64,SACRAMENTO VALLEY,NORTH AMERICAN,1,Sacramento River,NCRO,1,High,1,351000,94737,399000,37121,,,0,N/A,not submitted,1,11/8/2006,58.2,1,6/1/2006,,,55000,26,11
Sacramento Groundwater Authority,24,5-21.64,SACRAMENTO VALLEY,NORTH AMERICAN,1,Sacramento River,NCRO,1,High,1,351000,94737,399000,90000,,,1,12/1/2003,143,1,12/11/2014,155.3,0,N/A,,,500000,0,14
San Joaquin River Exchange Contractors Water Authority,26,5-22.07,SAN JOAQUIN VALLEY,DELTA-MENDOTA,1,San Joaquin River,SCRO,2,High,1,747000,107879,511000,,,240000,1,12/5/1997,71.1,1,4/4/2008,75.1,1,7/1/2014,379,,1975,32,4
San Luis and Delta-Mendota Water Authority North,26,5-22.07,SAN JOAQUIN VALLEY,DELTA-MENDOTA,1,San Joaquin River,SCRO,2,High,1,747000,107879,511000,,,,1,12/5/1997,71.1,1,10/1/2007,69,1,7/1/2014,379,,15000,32,32
San Luis and Delta-Mendota Water Authority South,26,5-22.07,SAN JOAQUIN VALLEY,DELTA-MENDOTA,1,San Joaquin River,SCRO,2,High,1,747000,107879,511000,,,,0,N/A,not submitted,1,3/1/2009,86,1,7/1/2014,379,,15000,32,32
Semitropic Water Storage District,21,5-22.14,SAN JOAQUIN VALLEY,KERN COUNTY,1,Tulare Lake,SCRO,2,High,1,1945000,700323,1400300,700000,,140000,1,9/1/2003,140,0,N/A,not submitted,1,6/1/2014,1128,1240,300,31,8
Shafter-Wasco Irrigation District (SWID),21,5-22.14,SAN JOAQUIN VALLEY,KERN COUNTY,1,Tulare Lake,SCRO,2,High,1,1945000,700323,1400300,,,30903,1,9/12/2006,176.4,1,7/1/2007,66,1,7/1/2007,1128,,270,6,5
Solano Irrigation District,107,5-21.66,SACRAMENTO VALLEY,SOLANO,1,Sacramento River,NCRO,1,Medium,0,425000,119263,346000,141000,,37145,1,2/1/1995,37,1,1/1/2006,48,1,2/1/2005,32,,1485,4,20
South Feather Water and Power Agency,84,5-21.59,SACRAMENTO VALLEY,EAST BUTTE,1,Sacramento River,NRO,3,Medium,0,265390,38465,180800,,,,0,N/A,not submitted,0,N/A,not submitted,0,N/A,,,,0,
South Sutter Water District,24,5-21.64,SACRAMENTO VALLEY,NORTH AMERICAN,1,Sacramento River,NCRO,1,High,1,351000,94737,399000,,,59000,1,2/28/1995,37.9,1,10/1/2009,93,1,2/1/2009,,,1800,60,20
South Yuba Water District,119,5-21.61,SACRAMENTO VALLEY,SOUTH YUBA,1,Sacramento River,NCRO,1,Medium,0,89000,45014,104700,17605,,,1,6/20/1905,1038.4,1,12/28/2010,107.9,1,3/1/2014,,,,22,16
Stanford Vina Ranch Irrigation District,18,5-21.57,SACRAMENTO VALLEY,VINA,2,Sacramento River,NRO,3,High,1,124577,71397,150000,,,78000,1,11/1/1996,58,1,1/1/2013,132,1,3/1/2014,,13000,,9,32
Stanford Vina Ranch Irrigation District,123,5-21.56,SACRAMENTO VALLEY,LOS MOLINOS,2,Sacramento River,NRO,3,Medium,0,33170,2220,6900,,,,1,11/1/1996,58,0,N/A,not submitted,0,N/A,,,,0,
Sutter Extension Water District,84,5-21.59,SACRAMENTO VALLEY,EAST BUTTE,2,Sacramento River,NRO,3,Medium,0,265390,38465,180800,,,25500,1,8/15/1995,43.5,0,N/A,not submitted,1,2/1/2009,,,,60,3
Sutter Extension Water District,85,5-21.62,SACRAMENTO VALLEY,SUTTER,2,Sacramento River,NCRO,1,Medium,0,234400,94737,175300,,,25000,1,8/15/1995,43.5,0,N/A,not submitted,1,2/1/2009,,,,60,11
Sutter Mutual Water Company,85,5-21.62,SACRAMENTO VALLEY,SUTTER,1,Sacramento River,NCRO,1,Medium,0,234400,94737,175300,,,46746,0,N/A,not submitted,1,2/1/2012,121,1,2/1/2009,,,154,60,11
Tehama County Flood Control and Water Conservation District,55,5-21.54,SACRAMENTO VALLEY,ANTELOPE,11,Sacramento River,NRO,3,Medium,0,18710,6124,19100,,,78000,1,11/20/1996,58.6,1,1/1/2013,132,1,3/1/2014,893,13000,,9,32
Tehama County Flood Control and Water Conservation District,101,5-6.01,REDDING AREA,BOWMAN,11,Sacramento River,NRO,3,Medium,0,85330,7165,359,,,78000,1,11/20/1996,58.6,1,1/1/2013,132,1,3/1/2014,831,13000,,9,32
Tehama County Flood Control and Water Conservation District,57,5-21.52,SACRAMENTO VALLEY,COLUSA,11,Sacramento River,NRO,3,Medium,0,918380,48369,346000,324000,,78000,1,11/20/1996,58.6,1,1/1/2013,132,1,3/1/2014,725,13000,,9,32
Tehama County Flood Control and Water Conservation District,61,5-21.51,SACRAMENTO VALLEY,CORNING,11,Sacramento River,NRO,3,Medium,0,205640,18852,158600,,,78000,1,11/20/1996,58.6,1,1/1/2013,132,1,3/1/2014,725,13000,,9,32
Tehama County Flood Control and Water Conservation District,126,5-21.55,SACRAMENTO VALLEY,DYE CREEK,11,Sacramento River,NRO,3,Medium,0,27730,1626,9980,,9980,78000,1,11/20/1996,58.6,1,1/1/2013,132,1,3/1/2014,366,13000,,9,32
Tehama County Flood Control and Water Conservation District,123,5-21.56,SACRAMENTO VALLEY,LOS MOLINOS,11,Sacramento River,NRO,3,Medium,0,33170,2220,6900,,,78000,1,11/20/1996,58.6,1,1/1/2013,132,1,3/1/2014,,13000,,9,32
Tehama County Flood Control and Water Conservation District,100,5-21.50,SACRAMENTO VALLEY,RED BLUFF,11,Sacramento River,NRO,3,Medium,0,274489,28053,104700,,,78000,1,11/20/1996,58.6,1,1/1/2013,132,1,3/1/2014,,13000,,9,32
Tehama County Flood Control and Water Conservation District,18,5-21.57,SACRAMENTO VALLEY,VINA,11,Sacramento River,NRO,3,High,1,124577,71397,150000,,,78000,1,11/20/1996,58.6,1,1/1/2013,132,1,3/1/2014,185,13000,,9,32
Tisdale Irrigation District,85,5-21.62,SACRAMENTO VALLEY,SUTTER,1,Sacramento River,NCRO,1,Medium,0,234400,94737,175300,,,,0,N/A,not submitted,0,N/A,not submitted,0,N/A,,,,0,11
Tranquility Irrigation District (TID),26,5-22.07,SAN JOAQUIN VALLEY,DELTA-MENDOTA,1,San Joaquin River,SCRO,2,High,1,747000,107879,511000,12568,,8596,1,12/5/1997,71.1,1,7/21/2009,90.7,1,10/17/2012,379,10,37,57,32
Tulare Lake Bed Coordinated,3,5-22.11,SAN JOAQUIN VALLEY,KAWEAH,2,Tulare Lake,SCRO,2,High,1,446000,271700,,757805,,253500,1,12/12/1995,47.4,1,7/27/2012,126.9,0,N/A,1004,,,0,9
Tulare Lake Bed Coordinated,27,5-22.12,SAN JOAQUIN VALLEY,TULARE LAKE,2,Tulare Lake,SCRO,2,High,1,524000,27285,672000,757805,,253500,1,12/12/1995,47.4,1,7/27/2012,126.9,0,N/A,182,,,0,9
Tulelake Irrigation District,91,1-2.01,KLAMATH RIVER VALLEY,TULELAKE,1,North Coast,NRO,3,Medium,0,85930,2261,,8500,,64000,0,N/A,not submitted,1,9/12/2011,116.4,0,N/A,11,10,1700,0,12
Turlock Groundwater Basin Association ,38,5-22.03,SAN JOAQUIN VALLEY,TURLOCK,1,San Joaquin River,SCRO,2,High,1,347000,197605,452000,,245000,,1,10/14/1997,69.4,1,3/18/2008,74.6,1,12/1/2013,590,,,21,14
UC Davis/City of Davis,30,5-21.67,SACRAMENTO VALLEY,YOLO,1,Sacramento River,NCRO,1,High,1,265000,194158,,12000,,15000,0,N/A,not submitted,1,5/16/2006,52.5,1,4/1/2007,,,16229,9,20
Western Canal Water District,84,5-21.59,SACRAMENTO VALLEY,EAST BUTTE,2,Sacramento River,NRO,3,Medium,0,265390,38465,180800,,,14000,1,3/21/1995,38.7,1,10/1/2005,45,1,2/1/2009,,,,60,45
Western Canal Water District,39,5-21.58,SACRAMENTO VALLEY,WEST BUTTE,2,Sacramento River,NRO,3,High,1,181560,36152,175600,,,14000,1,3/21/1995,38.7,1,10/1/2005,45,1,2/1/2009,,,,60,45
Western Placer County,24,5-21.64,SACRAMENTO VALLEY,NORTH AMERICAN,1,Sacramento River,NCRO,1,High,1,351000,94737,399000,98593,,7500,1,10/1/1998,81,1,8/1/2007,67,0,N/A,,,140000,0,4
Westlands Water District,27,5-22.12,SAN JOAQUIN VALLEY,TULARE LAKE,2,Tulare Lake,SCRO,2,High,1,524000,27285,672000,,,614700,1,9/8/1996,56.2,0,N/A,not submitted,1,7/1/2014,182,589,700,32,11
Westlands Water District,22,5-22.09,SAN JOAQUIN VALLEY,WESTSIDE,2,Tulare Lake,SCRO,2,High,1,640000,27285,193000,,,614700,1,9/8/1996,56.2,0,N/A,not submitted,1,7/1/2014,50,,700,32,11
Westside Water District,57,5-21.52,SACRAMENTO VALLEY,COLUSA,1,Sacramento River,NRO,3,Medium,0,918380,48369,346000,,,14775,1,2/10/2000,97.3,0,N/A,not submitted,1,2/1/2009,725,,53,60,45
Wheatland Water District,119,5-21.61,SACRAMENTO VALLEY,SOUTH YUBA,1,Sacramento River,NCRO,1,Medium,0,89000,45014,104700,11473,,9750,1,3/1/2005,158,1,12/28/2010,107.9,1,3/1/2014,,,12439,22,16
Yolo County Flood Control and Water Conservation District,57,5-21.52,SACRAMENTO VALLEY,COLUSA,3,Sacramento River,NRO,3,Medium,0,918380,48369,346000,,,46542,1,10/1/2000,105,1,6/1/2006,53,1,2/1/2009,725,,158,60,45
Yolo County Flood Control and Water Conservation District,107,5-21.66,SACRAMENTO VALLEY,SOLANO,3,Sacramento River,NCRO,1,Medium,0,425000,119263,346000,,,46542,1,10/1/2000,105,1,6/1/2006,53,1,2/1/2009,725,,158,60,45
Yolo County Flood Control and Water Conservation District,30,5-21.67,SACRAMENTO VALLEY,YOLO,3,Sacramento River,NCRO,1,High,1,265000,194158,,,,46542,1,10/1/2000,105,1,6/1/2006,53,1,2/1/2009,725,,158,60,45
Yolo-Zamora Water District,57,5-21.52,SACRAMENTO VALLEY,COLUSA,1,Sacramento River,NRO,3,Medium,0,918380,48369,346000,,,20000,0,N/A,not submitted,0,N/A,not submitted,0,N/A,725,,,0,45
Yuba County Water Agency,121,5-21.60,SACRAMENTO VALLEY,NORTH YUBA,3,Sacramento River,NCRO,1,Medium,0,103151,14667,74800,,,,1,3/1/2005,158,1,12/28/2010,107.9,1,3/1/2014,,,830,10,16
Yuba County Water Agency,100,5-21.50,SACRAMENTO VALLEY,RED BLUFF,3,Sacramento River,NRO,3,Medium,0,274489,28053,104700,,,,1,3/1/2005,158,1,12/28/2010,107.9,1,3/1/2014,,,,22,16
Yuba County Water Agency,119,5-21.61,SACRAMENTO VALLEY,SOUTH YUBA,3,Sacramento River,NCRO,1,Medium,0,89000,45014,104700,,,,1,3/1/2005,158,1,12/28/2010,107.9,1,3/1/2014,,,,22,16
